BibliographyType,ISBN,Identifier,Author,Title,Journal,Volume,Number,Month,Pages,Year,Address,Note,URL,Booktitle,Chapter,Edition,Series,Editor,Publisher,ReportType,Howpublished,Institution,Organizations,School,Annote,Custom1,Custom2,Custom3,Custom4,Custom5
7,"","ali:hal-02437725","Mohamed, A. L. I.; Sabry, Yasser M.; Marty, Fr{\'e}d{\'e}ric; Bourouina, Tarik; Kirah, Khaled & Khalil, Diaa","In-plane coupled Fabry--Perot micro-cavities based on Si-air Bragg mirrors: a theoretical and practical study","{Applied optics}",57,18,"","5112",2018,"","","https://hal.archives-ouvertes.fr/hal-02437725","","","","","","{Optical Society of America}","","","","","","","","","","",""
7,"","amri:hal-01826239","Amri, Mohamed; Basset, Philippe; Galayko, Dimitri; Cottone, Francesco; Halvorsen, Einar; Nguyen, S. Duy; Najar, Fehmi & Bourouina, Tarik","Stiffness control of a nonlinear mechanical folded beam for wideband vibration energy harvesters","{Technisches Messen}",,,"June","",2018,"","","https://hal.archives-ouvertes.fr/hal-01826239","","","","","","{Oldenbourg Verlag}","","","","","","","","","","",""
7,"","amri:hal-01826239","Amri, Mohamed; Basset, Philippe; Galayko, Dimitri; Cottone, Francesco; Halvorsen, Einar; Nguyen, S. Duy; Najar, Fehmi & Bourouina, Tarik","Stiffness control of a nonlinear mechanical folded beam for wideband vibration energy harvesters","{Technisches Messen}",,,"June","",2018,"","","https://hal.archives-ouvertes.fr/hal-01826239","","","","","","{Oldenbourg Verlag}","","","","","","","","","","",""
7,"","azzouz:hal-01721133","AZZOUZ, I. M. A. D. E. D. D. I. N. E.; Ghozlane Habba, Yamina; Capochichi-Gnambodoe, Martine; Marty, Fr{\'e}d{\'e}ric; Vial, Jerome; Leprince-Wang, Yamin & Bourouina, Tarik","Zinc oxide nano-enabled microfluidic reactor for water purification and its applicability to volatile organic compounds","{Microsystems \& Nanoengineering}",4,,"","17093",2018,"","","https://hal-upec-upem.archives-ouvertes.fr/hal-01721133","","","","","","{Springer Nature}","","","","","","","","","Toluene ; volatile organic compounds (VOCs) ; zinc oxide nanowires ; water purification ; microfluidic reactor ; Ethylbenzene ; Benzene ; o-Xylene (BTEX) ; m-p Xylenes","https://hal-upec-upem.archives-ouvertes.fr/hal-01721133/file/micronano201793.pdf",""
7,"","behiri:hal-01838826","Behiri, Walid; Belmokhtar-Berraf, Sana & Chu, Chengbin","Urban freight transport using passenger rail network: Scientific issues and quantitative analysis","{Transportation Research Part E: Logistics and Transportation Review}",115,,"July","227 - 245",2018,"","","https://hal.archives-ouvertes.fr/hal-01838826","","","","","","{Elsevier}","","","","","","","","","","",""
7,"","benamara:hal-01763659","Benamara, Megdouda; Grzeskowiak, Marjorie; Diet, Antoine; Conessa, Christophe; Lissorgues, Gaelle Bazin & Le Bihan, Yann","Effect of added resonators in RFID system at 13.56 MHz","{IET Microwaves Antennas and Propagation}",12,5,"","684-691",2018,"","","https://hal-upec-upem.archives-ouvertes.fr/hal-01763659","","","","","","{Institution of Engineering and Technology}","","","","","","","","","Impedance matrix ; HF antennas ; Coils ; Optimisation ; Resonators ; Radiofrequency identification","https://hal-upec-upem.archives-ouvertes.fr/hal-01763659/file/Benamara_23833.pdf",""
7,"","bennour:hal-01708901","Bennour, Alae alaebennour@gmail.com; Tegegne, Z.; Mazer, S.; Polleux, J. L.; El Bekkali, M. & Algani, C.","Large-Signal Static Compact Circuit Model of SiGe Heterojunction Bipolar Phototransistors: Effect of the Distributed Nature of Currents","{IEEE Transactions on Electron Devices}",,,"January","1 - 7",2018,"","","https://hal.archives-ouvertes.fr/hal-01708901","","","","","","{Institute of Electrical and Electronics Engineers}","","","","","","","","","","",""
7,"","bensalem:hal-01789219","Bensalem, Sakina; Lopes, Filipa; bod{\'e}n{\`e}s, Pierre; Pareau, Dominique; Fran{\c c}ais, Olivier & Le Pioufle, Bruno","Understanding the mechanisms of lipid extraction from microalga Chlamydomonas reinhardtii after electrical field solicitations and mechanical stress within a microfluidic device","{Bioresource Technology}",257,,"June","129 - 136",2018,"","","https://hal.archives-ouvertes.fr/hal-01789219","","","","","","{Elsevier}","","","","","","","","","","",""
7,"","bensalem:hal-01789908","Bensalem, Sakina; Lopes, Filipa; bod{\'e}n{\`e}s, Pierre; Pareau, Dominique; Fran{\c c}ais, Olivier & Le Pioufle, Bruno","Structural changes of Chlamydomonas reinhardtii cells during lipid enrichment and after solvent exposure","{Data in Brief}",17,,"April","1283 - 1287",2018,"","","https://hal.archives-ouvertes.fr/hal-01789908","","","","","","{Elsevier}","","","","","","","","","","https://hal.archives-ouvertes.fr/hal-01789908/file/1-s2.0-S2352340918301586-main.pdf",""
7,"","bourdeau:hal-01648411","Bourdeau, Mathieu; Guo, Xiaofeng & Nefzaoui, E.","Buildings energy consumption generation gap: a post-occupancy assessment in a case study of three higher education buildings","{Energy and Buildings}",159,,"January","600-611",2018,"","","https://hal.archives-ouvertes.fr/hal-01648411","","","","","","{Elsevier}","","","","","","","","","Energy Demand Analysis ; Energy Consumption ; Energy Efficiency ; statistical analysis ; educational building ; heating ; electric consumption ; load curve ; heat and electric consumption","https://hal.archives-ouvertes.fr/hal-01648411/file/ENB_2017_BOURdeau_RevSubnAcc.pdf",""
7,"","bourdeau:hal-01648411","Bourdeau, Mathieu; Guo, Xiaofeng & Nefzaoui, E.","Buildings energy consumption generation gap: a post-occupancy assessment in a case study of three higher education buildings","{Energy and Buildings}",159,,"January","600-611",2018,"","","https://hal.archives-ouvertes.fr/hal-01648411","","","","","","{Elsevier}","","","","","","","","","Energy Demand Analysis ; Energy Consumption ; Energy Efficiency ; statistical analysis ; educational building ; heating ; electric consumption ; load curve ; heat and electric consumption","https://hal.archives-ouvertes.fr/hal-01648411/file/ENB_2017_BOURdeau_RevSubnAcc.pdf",""
7,"","boutry:hal-01609892","Boutry, Nicolas; G{\'e}raud, Thierry & Najman, Laurent","A Tutorial on Well-Composedness","{Journal of Mathematical Imaging and Vision}",60,3,"March","443-478",2018,"","","https://hal.archives-ouvertes.fr/hal-01609892","","","","","","{Springer Verlag}","","","","","","","","","Critical configurations ; Digital topology ; Well-composedness ; Mathematical morphology ; Discrete surfaces ; Manifolds","https://hal.archives-ouvertes.fr/hal-01609892v2/file/article.pdf",""
7,"","bus:hal-01797815","Bus, Norbert; Mustafa, Nabil & Ray, Saurabh","Practical and efficient algorithms for the geometric hitting set problem","{Discrete Applied Mathematics}",240,,"May","25 - 32",2018,"","","https://hal.archives-ouvertes.fr/hal-01797815","","","","","","{Elsevier}","","","","","","","","","Geometric Hitting Sets ; Approximation Algorithms ; Computational Geometry","https://hal.archives-ouvertes.fr/hal-01797815/file/hittingsetepsnets.pdf",""
7,"","cardoso:hal-01736547","Cardoso, Mauricio Henrique Bezerra; Mostarshedi, Shermila; Baudoin, Genevi{\`e}ve & Laheurte, Jean-Marc","Analytical expressions of critical distances for near-ground propagation","{IEEE Transactions on Antennas and Propagation}",,,"","1 - 1",2018,"","","https://hal-upec-upem.archives-ouvertes.fr/hal-01736547","","","","","","{Institute of Electrical and Electronics Engineers}","","","","","","","","","","",""
7,"","challa:hal-01484894","Challa, Aditya; Danda, Sravan; Daya Sagar, B.  S. & Najman, Laurent","Some Properties of Interpolations Using Mathematical Morphology","{IEEE Transactions on Image Processing}",27,4,"April","2038 - 2048",2018,"","","https://hal.archives-ouvertes.fr/hal-01484894","","","","","","{Institute of Electrical and Electronics Engineers}","","","","","","","","","","https://hal.archives-ouvertes.fr/hal-01484894v3/file/MorphologocalInterpolation_Paper.pdf",""
7,"","chierchia:hal-01710027","Chierchia, Giovanni; El Gheche, Mireille; Scarpa, Giuseppe & Verdoliva, Luisa","Multitemporal SAR Image Despeckling Based on Block-Matching and Collaborative Filtering","{IEEE Transactions on Geoscience and Remote Sensing}",55,10,"October","5467 - 5480",2017,"","","https://hal.archives-ouvertes.fr/hal-01710027","","","","","","{Institute of Electrical and Electronics Engineers}","","","","","","","","","","",""
7,"","chihaoui:hal-01870666","Chihaoui, Takwa; Kachouri, Rostom; Jlassi, Hejer; Akil, Mohamed & Hamrouni, Kamel","Retinal Identification System based on Optical Disc Ring Extraction and New Local SIFT-RUK Descriptor","{Advances in Systems, Signals and Devices}",8,,"July","113--126",2018,"","","https://hal-upec-upem.archives-ouvertes.fr/hal-01870666","","","","Communication and Signal Processing","","{De Gruyter}","","","","","","","","","Optical Disc Ring (ODR) method ; Retinal identification systems ; Biometric ; Speeded Up Robust Features (SURF) ; Remove of Uninformative Keypoints (RUK) ; Scale Invariant Feature Transform (SIFT)","https://hal-upec-upem.archives-ouvertes.fr/hal-01870666/file/ASSD-C-16-11-takwa.pdf",""
7,"","cousty:hal-01344727","Cousty, Jean; Najman, Laurent; Kenmochi, Yukiko & Guimar{\~a}es, Silvio","Hierarchical segmentations with graphs: quasi-flat zones, minimum spanning trees, and saliency maps","{Journal of Mathematical Imaging and Vision}",60,4,"May","479-502",2018,"","","https://hal.archives-ouvertes.fr/hal-01344727","","","","","","{Springer Verlag}","","","","","","","","","Mathematical morphology ; Hierarchical image segmentation ; Hierarchy of partitions ; Minimum spanning trees ; Saliency maps ; Watershed ; Hierarchical classification","https://hal.archives-ouvertes.fr/hal-01344727v2/file/JC2.pdf",""
7,"","cousty:hal-01344727","Cousty, Jean; Najman, Laurent; Kenmochi, Yukiko & Guimar{\~a}es, Silvio","Hierarchical segmentations with graphs: quasi-flat zones, minimum spanning trees, and saliency maps","{Journal of Mathematical Imaging and Vision}",60,4,"May","479-502",2018,"","","https://hal.archives-ouvertes.fr/hal-01344727","","","","","","{Springer Verlag}","","","","","","","","","Mathematical morphology ; Hierarchical image segmentation ; Hierarchy of partitions ; Minimum spanning trees ; Saliency maps ; Watershed ; Hierarchical classification","https://hal.archives-ouvertes.fr/hal-01344727v2/file/JC2.pdf",""
7,"","dab:hal-01797831","Dab, Boutheina; Fajjari, Ilhem & Aitsaadi, Nadjib","Online-Batch Joint Routing and Channel Allocation for Hybrid Data Center Networks","{IEEE Transactions on Network and Service Management}",14,4,"December","831 - 846",2017,"","","https://hal.archives-ouvertes.fr/hal-01797831","","","","","","{IEEE}","","","","","","","","","","",""
7,"","desta:hal-01796742","Desta, Alemayehu Addisu; George, Laurent; Courbin, Pierre & Sciandra, Vincent","Smoothing of renewable energy generation using Gaussian-based method with power constraints","{Energy Procedia}",134,,"October","171 - 180",2017,"","","https://hal-upec-upem.archives-ouvertes.fr/hal-01796742","","","","","","{Elsevier}","","","","","","","","","","",""
7,"","elgheche:hal-01672646","El Gheche, Mireille; Chierchia, Giovanni & Pesquet, Jean-Christophe","Proximity operators of discrete information divergences","{IEEE Transactions on Information Theory}",64,2,"February","1092-1104",2018,"","","https://hal.archives-ouvertes.fr/hal-01672646","","","","","","{Institute of Electrical and Electronics Engineers}","","","","","","","","","Divergences ; Epigraphical Projection ; Proximity Operator ; Convex Optimization ; Proximal Algorithms","https://hal.archives-ouvertes.fr/hal-01672646/file/ArticleIT.pdf",""
7,"","elsayed:hal-02437731","Elsayed, Ahmed A.; Sabry, Yasser M.; Marty, Fr{\'e}d{\'e}ric; Bourouina, Tarik & Khalil, Diaa","Optical modeling of black silicon using an effective medium/multi-layer approach","{Optics Express}",26,10,"","13443",2018,"","","https://hal.archives-ouvertes.fr/hal-02437731","","","","","","{Optical Society of America - OSA Publishing}","","","","","","","","","","",""
7,"","ferdous:hal-01771102","Ferdous, Shaun *; Sarkar, Sreyash; Marty, Frederic; Poulichet, Patrick; C{\'e}sar, William; Nefzaoui, E. & Bourouina, Tarik","Sensitivity optimization of micro-machined thermo-resistive flow-rate sensors on silicon substrates","{Journal of Micromechanics and Microengineering}",28,7,"April","",2018,"","","https://hal.archives-ouvertes.fr/hal-01771102","","","","","","{IOP Publishing}","","","","","","","","","Flow-rate ; sensor ; Thermal sensor ; MEMS ; Micro-machined ; Water ; Silicon ; Sensitivity","https://hal.archives-ouvertes.fr/hal-01771102/file/2018_FShaun_JMM_preprint.pdf",""
7,"","ferdous:hal-01771102","Ferdous, Shaun *; Sarkar, Sreyash; Marty, Frederic; Poulichet, Patrick; C{\'e}sar, William; Nefzaoui, E. & Bourouina, Tarik","Sensitivity optimization of micro-machined thermo-resistive flow-rate sensors on silicon substrates","{Journal of Micromechanics and Microengineering}",28,7,"April","",2018,"","","https://hal.archives-ouvertes.fr/hal-01771102","","","","","","{IOP Publishing}","","","","","","","","","Flow-rate ; sensor ; Thermal sensor ; MEMS ; Micro-machined ; Water ; Silicon ; Sensitivity","https://hal.archives-ouvertes.fr/hal-01771102/file/2018_FShaun_JMM_preprint.pdf",""
7,"","fikar:hal-02435457","Fikar, Pavel; Lissorgues, Gaelle Bazin; Rousseau, Lionel; Fran{\c c}ais, Olivier; Pioufle, Bruno Le; Hamdi, Feriel; Georgiev, Vjaceslav & Georgiev, Daniel","SU-8 microchannels for live cell dielectrophoresis improvements","{Microsystem Technologies}",23,9,"September","3901-3908",2017,"","","https://hal.archives-ouvertes.fr/hal-02435457","","","","","","{Springer Verlag}","","","","","","","","","","",""
7,"","fikar:hal-02435457","Fikar, Pavel; Lissorgues, Gaelle Bazin; Rousseau, Lionel; Fran{\c c}ais, Olivier; Pioufle, Bruno Le; Hamdi, Feriel; Georgiev, Vjaceslav & Georgiev, Daniel","SU-8 microchannels for live cell dielectrophoresis improvements","{Microsystem Technologies}",23,9,"September","3901-3908",2017,"","","https://hal.archives-ouvertes.fr/hal-02435457","","","","","","{Springer Verlag}","","","","","","","","","","",""
7,"","fikar:hal-02439759","Fikar, P.; Georgiev, V.; Lissorgues, Gaelle Bazin; Holubova, M.; Lysak, D. & Georgiev, D.","2DEP cytometry: distributed dielectrophoretic cytometry for live cell dielectric signature measurement on population level","{Biomedical Microdevices}",20,1,"March","",2018,"","","https://hal.archives-ouvertes.fr/hal-02439759","","","","","","{Springer Verlag}","","","","","","","","","","",""
7,"","gaber:hal-02437742","Gaber, Noha; Sabry, Yasser M.; Erfan, Mazen; Marty, Fr{\'e}d{\'e}ric & Bourouina, Tarik","High-Q Fabry--P\'erot Micro-Cavities for High-Sensitivity Volume Refractometry","{Micromachines}",9,2,"February","54",2018,"","","https://hal.archives-ouvertes.fr/hal-02437742","","","","","","{MDPI}","","","","","","","","","Fabry-P{\'e}rot cavity ; optical micro cavity ; on-chip refractometer ; refractive index measurement ; stable optical resonator ; optofluidic sensor ; lab-on-a-chip","https://hal.archives-ouvertes.fr/hal-02437742/file/micromachines-09-00054.pdf",""
7,"","gehin:hal-01647397","G{\'e}hin, Evelyne; Soysal, U.; Algr{\'e}, E.; Berthelot, B.; Da, G. & Robine, E.","Aerosol mass concentration measurements: Recent advancements of real-time nano/micro systems","{Journal of Aerosol Science}",114,,"December","42 - 54",2017,"","","https://hal-upec-upem.archives-ouvertes.fr/hal-01647397","","","","","","{Elsevier}","","","","","","","","","","",""
7,"","ghaffarinejad:hal-01763645","Ghaffarinejad, Ali; Lu, Yingxian; Hinchet, Ronan; Galayko, Dimitri; Hasani, Javad Yavand; Kim, Sang-Woo & Basset, Philippe","Bennet's doubler working as a power booster for triboelectric nano-generators","{Electronics Letters}",,,"March","",2018,"","","https://hal.archives-ouvertes.fr/hal-01763645","","","","","","{IET}","","","","","","","","","","",""
7,"","gharat:hal-01721650","Gharat, Vighnesh; Baudoin, Genevieve; Colin, Elizabeth & Richard, Damien Richard","Low Frequency RFID system for identification and localization in smart cities - Comparison with UHF RFID","{International Journal of RF Technologies}",8,4,"February","191 - 211",2018,"","","https://hal.archives-ouvertes.fr/hal-01721650","","","","","","{IOS Press}","","","","","","","","","","",""
7,"","grzeskowiak:hal-01691560","Grzeskowiak, Marjorie; Diet, Antoine; Benamara, Megdouda; Poulichet, Patrick; Conessa, Christophe; Protat, St{\'e}phane; Biancheri-Astier, Marc; de Oliveira Alves, Francisco; Le Bihan, Yann & Lissorgues, Gaelle Bazin","Distributed Diameter Subcoil Twisted Loop Antenna in Nonradiative WPT","{IEEE Antennas and Wireless Propagation Letters}",17,1,"January","4-7",2018,"","","https://hal-centralesupelec.archives-ouvertes.fr/hal-01691560","","","","","","{Institute of Electrical and Electronics Engineers}","","","","","","","","","Current distribution ; Wirelesspower transfer (WPT) ; Magnetic coupling","https://hal-centralesupelec.archives-ouvertes.fr/hal-01691560/file/Grzeskowiak_23835.pdf",""
7,"","guo:hal-01763551","Guo, Xiaofeng & Hendel, Martin","Urban water networks as an alternative source for district heating and emergency heat-wave cooling","{Energy}",,,"December","",2017,"","","https://hal.archives-ouvertes.fr/hal-01763551","","","","","","{Elsevier}","","","","","","","","","Thermal energy recovery ; Urban water cycle ; Central heating supply ; Heat-wave ; Urban heat island","https://hal.archives-ouvertes.fr/hal-01763551/file/Canicule2017-Preprint.pdf",""
7,"","guo:hal-01763551","Guo, Xiaofeng & Hendel, Martin","Urban water networks as an alternative source for district heating and emergency heat-wave cooling","{Energy}",,,"December","",2017,"","","https://hal.archives-ouvertes.fr/hal-01763551","","","","","","{Elsevier}","","","","","","","","","Thermal energy recovery ; Urban water cycle ; Central heating supply ; Heat-wave ; Urban heat island","https://hal.archives-ouvertes.fr/hal-01763551/file/Canicule2017-Preprint.pdf",""
7,"","guo:hal-01800512","Guo, Xiaofeng & Goumba, Alain Pascal","Process Intensification Principles Applied to Thermal Energy Storage Systems-A Brief Review","{Frontiers in Energy Research}",6,,"March","",2018,"","","https://hal.archives-ouvertes.fr/hal-01800512","","","","","","{Frontiers Media}","","","","","","","","","","",""
7,"","hendel:hal-01858157","Hendel, Martin; Parison, Sophie; Grados, Arnaud & Royon, Laurent","Which pavement structures are best suited to limiting the UHI effect? A laboratory-scale study of Parisian pavement structures","{Building and Environment}",,,"","",2018,"","","https://hal.archives-ouvertes.fr/hal-01858157","","","","","","{Elsevier}","","","","","","","","","thermal properties ; heat waves ; urban paving materials ; urban heat island","https://hal.archives-ouvertes.fr/hal-01858157/file/Preprint.pdf",""
7,"","herth:hal-01771659","Herth, Etienne; Valbin, Laurie; Lardet-Vieudrin, Franck & Algre, Emmanuelle","Modeling and detecting response of micromachining square and circular membranes transducers based on AlN thin film piezoelectric layer","{Microsystem Technologies}",23,9,"September","3873 - 3880",2017,"","","https://hal.archives-ouvertes.fr/hal-01771659","","","","","","{Springer Verlag}","","","","","","","","","","",""
7,"","herth:hal-01771659","Herth, Etienne; Valbin, Laurie; Lardet-Vieudrin, Franck & Algre, Emmanuelle","Modeling and detecting response of micromachining square and circular membranes transducers based on AlN thin film piezoelectric layer","{Microsystem Technologies}",23,9,"September","3873 - 3880",2017,"","","https://hal.archives-ouvertes.fr/hal-01771659","","","","","","{Springer Verlag}","","","","","","","","","","",""
7,"","hinchet:hal-01763592","Hinchet, Ronan; Ghaffarinejad, Ali; Lu, Yingxian; Hasani, Javad Yavand; Kim, Sang-Woo & Basset, Philippe","Understanding and modeling of triboelectric-electret nanogenerator","{Nano Energy}",47,,"May","401 - 409",2018,"","","https://hal.archives-ouvertes.fr/hal-01763592","","","","","","{Elsevier}","","","","","","","","","","",""
7,"","hong:hal-01745365","Hong, Zhaofu; Chu, Chengbin; Zhang, Linda & Yu, Yugang","Optimizing an emission trading scheme for local governments: A Stackelberg game model and hybrid algorithm","{International Journal of Production Economics}",193,,"November","172 - 182",2017,"","","https://hal.archives-ouvertes.fr/hal-01745365","","","","","","{Elsevier}","","","","","","","","","","",""
7,"","kubicka:hal-02281714","Kubicka, M.; Cela, Arben; Mounier, Hugues & Niculescu, Silviu-Iulian","Comparative Study and Application-Oriented Classification of Vehicular Map-Matching Methods","{IEEE Intelligent Transportation Systems Magazine}",10,2,"April","150-166",2018,"","","https://hal-centralesupelec.archives-ouvertes.fr/hal-02281714","","","","","","{IEEE}","","","","","","","","","Economic and social effects ; Trade off ; Mechanical engineering ; Transportation ; Comparative studies ; Map matching ; Computer applications ; Map-matching method ; Road network","",""
7,"","laurens:hal-01671905","Laurens, Patricia; Villard, Lionel; Schoen, Antoine & Lar{\'e}do, Philippe","The artificial patents in the PATSTAT database: how much do they matter when computing indicators of internationalisation based on worldwide priority patents?","{Scientometrics}",114,,"","91-112",2018,"","","https://hal.archives-ouvertes.fr/hal-01671905","","","","","","{Springer Verlag}","","","","","","","","","internationalisation ; indicators ; technology ; R\&D ; patents","https://hal.archives-ouvertes.fr/hal-01671905/file/The%20artificial%20patents_revised%20version_24_10_17.pdf",""
7,"","lizarraldeiragorri:hal-01875109","Lizarralde Iragorri, Maria Alejandra; El Hoss, Sara; Brousse, Valentine; Lefevre, Sophie; Dussiot, Michael; Xu, Tieying; Ferreira, Alexander Rodrigo; Lamarre, Yann; Silva Pinto, Ana Cristina; Kashima, Simone; Lapoum{\'e}roulie, Claudine; Covas, Dimas Tadeu; Le Van Kim, Caroline; Colin, Yves; Elion, Jacques; Fran{\c c}ais, Olivier; Le Pioufle, Bruno & El Nemer, Wassim","A microfluidic approach to study the effect of mechanical stress on erythrocytes in sickle cell disease","{Lab on a Chip}",18,19,"","2975-2984",2018,"","","https://hal.archives-ouvertes.fr/hal-01875109","","","","","","{Royal Society of Chemistry}","","","","","","","","","","",""
7,"","lu:hal-01721132","Lu, Y.; Capo-Chichi, M.; Leprince-Wang, Y. & Basset, Philippe","A flexible electrostatic kinetic energy harvester based on electret films of electrospun nanofibers","{Smart Materials and Structures}",27,1,"January","",2018,"","","https://hal-upec-upem.archives-ouvertes.fr/hal-01721132","","","","","","{IOP Publishing}","","","","","","","","","","",""
7,"","lu:hal-01890040","Lu, Yingxian; Marty, Fr{\'e}d{\'e}ric; Galayko, Dimitri; Laheurte, Jean-Marc & Basset, Philippe","A power supply module for autonomous portable electronics: ultralow-frequency MEMS electrostatic kinetic energy harvester with a comb structure reducing air damping","{Microsystems \& Nanoengineering}",4,,"","28",2018,"","","https://hal.sorbonne-universite.fr/hal-01890040","","","","","","{Springer Nature}","","","","","","","","","","https://hal.sorbonne-universite.fr/hal-01890040/file/s41378-018-0025-2.pdf",""
7,"","lu:hal-01931269","Lu, Yingxian; Juillard, J{\'e}r{\^o}me; Cottone, Francesco; Galayko, Dimitri & Basset, Philippe","An Impact-Coupled MEMS Electrostatic Kinetic Energy Harvester and Its Predictive Model Taking Nonlinear Air Damping Effect Into Account","{Journal of Microelectromechanical Systems}",27,6,"","1 - 13",2018,"","","https://hal-centralesupelec.archives-ouvertes.fr/hal-01931269","","","","","","{Institute of Electrical and Electronics Engineers}","","","","","","","","","","",""
7,"","lyazidi:hal-01803463","Lyazidi, Mohammed Yazid; Aitsaadi, Nadjib & Langar, Rami","A Dynamic Resource Allocation Framework in LTE Downlink for Cloud-Radio Access Network","{Computer Networks}",140,,"July","101-111",2018,"","","https://hal-upec-upem.archives-ouvertes.fr/hal-01803463","","","","","","{Elsevier}","","","","","","","","","","",""
7,"","ma:hal-01810454","Ma, Ning; Liu, Ya; Zhou, Zhili & Chu, Chengbin","Combined cutting stock and lot-sizing problem with pattern setup","{Computers and Operations Research}",95,,"June","44 - 55",2018,"","","https://hal.archives-ouvertes.fr/hal-01810454","","","","","","{Elsevier}","","","","","","","","","","",""
7,"","maali:hal-01721645","Maali, Abdelmadjid; Baudoin, Genevieve & Mesloub, Ammar","Improved energy detection receiver for ranging in IEEE 802.15.4a standard","{International Journal of Microwave and Wireless Technologies}",10,Special Issue 2 (EuCAP 2017),"March","141-148",2018,"","","https://hal.archives-ouvertes.fr/hal-01721645","","","","","","{Cambridge University Press/European Microwave Association }","","","","","","","","","","",""
7,"","magdalena:hal-01704829","Magdalena, Grebosz & Pointet, Jean-Marc","Co-branding Strategy as a Source of Innovation on International Market ","{Journal of Intercultural Management}",,,"September","",2017,"","","https://hal.archives-ouvertes.fr/hal-01704829","","","","","","{University of Social Sciences ≈Å{\'o}d{\'z}}","","","","","","","","","","",""
7,"","merveille:hal-01262728","Merveille, Odyss{\'e}e; Talbot, Hugues; Najman, Laurent & Passat, Nicolas","Curvilinear structure analysis by ranking the orientation responses of path operators","{IEEE Transactions on Pattern Analysis and Machine Intelligence}",40,2,"","304-317",2018,"","","https://hal.archives-ouvertes.fr/hal-01262728","","","","","","{Institute of Electrical and Electronics Engineers}","","","","","","","","","curvilinear structure ; thin structures ; non-linear filtering ; direction estimation ; path opening ; mathematical morphology ; 3D grey-level imaging","https://hal.archives-ouvertes.fr/hal-01262728v2/file/RORPO_PAMI_v3.pdf",""
7,"","miyassa:hal-01691564","Miyassa, Salhi; Benamara, Megdouda; Grzeskowiak, Marjorie; Lissorgues, Gaelle Bazin; Diet, Antoine & Le Bihan, Yann","Antenna array in 3D to improve tracking of small HF RFID tag","{IET Microwaves Antennas and Propagation}",12,5,"April","678-683",2018,"","","https://hal-centralesupelec.archives-ouvertes.fr/hal-01691564","","","","","","{Institution of Engineering and Technology}","","","","","","","","","Radiofrequency identification ; Resonators ; Antenna arrays","https://hal-centralesupelec.archives-ouvertes.fr/hal-01691564/file/Miyassa_23834.pdf",""
7,"","najman:hal-01428875","Najman, Laurent","Extending the PowerWatershed framework thanks to $\Gamma$-convergence","{SIAM Journal on Imaging Sciences}",10,4,"November","2275--2292",2017,"","","https://hal.archives-ouvertes.fr/hal-01428875","","","","","","{Society for Industrial and Applied Mathematics}","","","","","","","",""," image segmentation ; classification ; $\Gamma$-convergence ; spectral clustering ; Power Watershed ; image filtering","https://hal.archives-ouvertes.fr/hal-01428875/file/siamPW.pdf",""
7,"","nanni:hal-02114708","Nanni, Jacopo; Polleux, Jean-Luc; Algani, Catherine; Rusticelli, Simone; Perini, Federico & Tartarini, Giovanni","Chirp Evaluation of 850-nm Single Mode VCSEL Exploiting Modal Noise in Standard Single Mode Fiber","{IEEE Journal of Quantum Electronics}",54,4,"August","1-11",2018,"","","https://hal.archives-ouvertes.fr/hal-02114708","","","","","","{Institute of Electrical and Electronics Engineers}","","","","","","","","","","",""
7,"","perret:hal-01430865","Perret, Benjamin; Cousty, Jean; Guimar{\~a}es, Silvio J. F. & Maia, Deise S.","Evaluation of hierarchical watersheds","{IEEE Transactions on Image Processing}",27,4,"","1676-1688",2018,"","","https://hal.archives-ouvertes.fr/hal-01430865","","","","","","{Institute of Electrical and Electronics Engineers}","","","","","","","","","watershed segmentation ; mathematical morphology ; watershed hierarchy ; image segmentation ; Hierarchy of partitions ; image analysis ; quasi-flat zones hierarchy","https://hal.archives-ouvertes.fr/hal-01430865v4/file/PCGM%20-%20TIP%202018%20-%20Evaluation%20of%20hierarchical%20watersheds.pdf",""
7,"","perret:hal-01430865","Perret, Benjamin; Cousty, Jean; Guimar{\~a}es, Silvio J. F. & Maia, Deise S.","Evaluation of hierarchical watersheds","{IEEE Transactions on Image Processing}",27,4,"","1676-1688",2018,"","","https://hal.archives-ouvertes.fr/hal-01430865","","","","","","{Institute of Electrical and Electronics Engineers}","","","","","","","","","watershed segmentation ; mathematical morphology ; watershed hierarchy ; image segmentation ; Hierarchy of partitions ; image analysis ; quasi-flat zones hierarchy","https://hal.archives-ouvertes.fr/hal-01430865v4/file/PCGM%20-%20TIP%202018%20-%20Evaluation%20of%20hierarchical%20watersheds.pdf",""
7,"","roman:hal-01661723","Roman, Jean; Jarroux, Nathalie; Patriarche, Gilles; Fran{\c c}ais, Olivier; Pelta, Juan; Le Pioufle, Bruno & Bacri, Laurent","Functionalized Solid-State Nanopore Integrated in a Reusable Microfluidic Device for a Better Stability and Nanoparticle Detection","{ACS Applied Materials \& Interfaces}",9,48,"November","41634 - 41640",2017,"","","https://hal.archives-ouvertes.fr/hal-01661723","","","","","","{Washington, D.C. : American Chemical Society}","","","","","","","","","nanopore functionalization ; solid-state nanopore ; polymer brush","",""
7,"","seba:hal-01635237","seba, ali; Istrate, Dan; Guettari, Toufik; Ugon, Adrien; Pinna, Andrea & Garda, Patrick","Thermal Signature Based Sleep Analysis Sensor","{Biodiversity Informatics}",4,4,"December","",2017,"","","https://hal.archives-ouvertes.fr/hal-01635237","","","","","","{University of Kansas}","","","","","","","","","","",""
7,"","serairi:hal-01721131","Serairi, Linda; Gu, Long; Qin, Yong; Lu, Yingxian; Basset, Philippe & Leprince-Wang, Yamin","Flexible piezoelectric nanogenerators based on PVDF-TrFE nanofibers","{European Physical Journal: Applied Physics}",80,3,"December","",2017,"","","https://hal-upec-upem.archives-ouvertes.fr/hal-01721131","","","","","","{EDP Sciences}","","","","","","","","","","",""
7,"","shaun:hal-01865930","Shaun, Ferdous; Nefzaoui, E.; Marty, Fr{\'e}d{\'e}ric; C{\'e}sar, William & Bourouina, Tarik","Micro-fabricated thermal flow-rate sensors: the substrate material impact on the device performance and power consumption","{Microsystem Technologies}",,,"","",2018,"","","https://hal.archives-ouvertes.fr/hal-01865930","","","","","","{Springer Verlag}","","","","","","","","","Sensor ; MEMS ; Flow-rate ; Thermal sensor ; Micromachined sensor ; Water Network Monitoring","https://hal.archives-ouvertes.fr/hal-01865930/file/Shaun_2018_MicrosystemTechnologies.pdf",""
7,"","shaun:hal-01865930","Shaun, Ferdous; Nefzaoui, E.; Marty, Fr{\'e}d{\'e}ric; C{\'e}sar, William & Bourouina, Tarik","Micro-fabricated thermal flow-rate sensors: the substrate material impact on the device performance and power consumption","{Microsystem Technologies}",,,"","",2018,"","","https://hal.archives-ouvertes.fr/hal-01865930","","","","","","{Springer Verlag}","","","","","","","","","Sensor ; MEMS ; Flow-rate ; Thermal sensor ; Micromachined sensor ; Water Network Monitoring","https://hal.archives-ouvertes.fr/hal-01865930/file/Shaun_2018_MicrosystemTechnologies.pdf",""
7,"","soua:hal-01286297","Soua, Mahmoud; Kachouri, Rostom & Akil, Mohamed","GPU parallel implementation of the new hybrid binarization based on Kmeans method (HBK)","{Journal of Real-Time Image Processing}",14,2,"February","363-377",2018,"","","https://hal-upec-upem.archives-ouvertes.fr/hal-01286297","","","","","","{Springer Verlag}","","","","","","","","","Binarization ; Scanned documents ; OCR ; HBK ; Kmeans ; CUDA ; GPU","https://hal-upec-upem.archives-ouvertes.fr/hal-01286297/file/JRTIP14_GPU%28publie%29.pdf",""
7,"","soualah:hal-01797832","Soualah, Oussama; Aitsaadi, Nadjib & Fajjari, Ilhem","A Novel Reactive Survivable Virtual Network Embedding Scheme Based on Game Theory","{IEEE Transactions on Network and Service Management}",14,3,"September","569 - 585",2017,"","","https://hal.archives-ouvertes.fr/hal-01797832","","","","","","{IEEE}","","","","","","","","","","",""
7,"","tegegne:hal-01850973","Tegegne, Zerihun Gedeb; Viana, Carlos; Polleux, Jean-Luc; Grzeskowiak, Marjorie & Richalot, Elodie","Study of lateral scaling impact on the frequency performance of SiGe Heterojunction Bipolar Phototransistor","{IEEE Journal of Quantum Electronics}",,,"June","1 - 1",2018,"","","https://hal.archives-ouvertes.fr/hal-01850973","","","","","","{Institute of Electrical and Electronics Engineers}","","","","","","","",""," opto-microwave performances ; phototransistor ; Index Terms- SiGe HPT ; microwave-photonics ; Silicon-based ; photodetectors ; OM-SNOM","https://hal.archives-ouvertes.fr/hal-01850973/file/JQE_SiGe%20HPT%20lateral%20scalingFinal_submittedVersion.pdf",""
7,"","tegegne:hal-01850980","Tegegne, Zerihun Gedeb; Viana, Carlos; Polleux, Jean-Luc; Grzeskowiak, Marjorie & Richalot, Elodie","Intrinsic Frequency Response of Silicon--Germanium Phototransistor Associated With 850-nm Multimode Fiber","{IEEE Transactions on Electron Devices}",65,6,"June","2537 - 2543",2018,"","","https://hal.archives-ouvertes.fr/hal-01850980","","","","","","{Institute of Electrical and Electronics Engineers}","","","","","","","","","Substrate effect ; Silicon-based photodetectors ; microwave- photonics ; SiGe phototransistor ; OM-SNOM","https://hal.archives-ouvertes.fr/hal-01850980/file/TED_Intrinsic%20frequency%20response%20of%20SiGe%20HPT_SubmittedVersion.pdf",""
7,"","ugon:hal-01803761","Ugon, Adrien; Hadj Bouzid, Amel Imene; Jaulent, Marie-Christine; Favre, Madeleine; Duclos, Catherine; Jobez, Emmanuel; Falcoff, Hector; Lamy, Jean-Baptiste & Tsopra, Rosy","Building a Knowledge-Based Tool for Auto-Assessing the Cardiovascular Risk","{Studies in Health Technology and Informatics}",,,"April","",2018,"","","https://hal.archives-ouvertes.fr/hal-01803761","","","","","","{IOS Press}","","","","","","","","","Formalization ; Cardiovascular risk ; Clinical Practice Guidelines","https://hal.archives-ouvertes.fr/hal-01803761/file/SHTI247-0735.pdf",""
7,"","wang:hal-01690495","Wang, Shijin; Zhu, Zhanguo; Fang, Kan; Chu, Feng & Chu, Chengbin","Scheduling on a two-machine permutation flow shop under time-of-use electricity tariffs","{International Journal of Production Research}",56,9,"","3173--3187",2018,"","","https://hal.archives-ouvertes.fr/hal-01690495","","","","","","{Taylor \& Francis}","","","","","","","","","scheduling ; flow shop ; electricity cost ; dynamic programming ; iterated local search","",""
7,"","wang:hal-01822567","Wang, Siqi; Abi Hussein, Mazen; Venard, Olivier & Baudoin, Genevi{\`e}ve","A Novel Algorithm for Determining the Structure of Digital Predistortion Models","{IEEE Transactions on Vehicular Technology}",,,"","1 - 1",2018,"","","https://hal.archives-ouvertes.fr/hal-01822567","","","","","","{Institute of Electrical and Electronics Engineers}","","","","","","","","","","",""
7,"","wang:hal-01822586","Wang, Siqi; Hussein, Mazen Abi; Venard, Olivier & Baudoin, Genevi{\`e}ve","Optimal Sizing of Two-Stage Cascaded Sparse Memory Polynomial Model for High Power Amplifiers Linearization","{IEEE Transactions on Microwave Theory and Techniques}",,,"","1 - 8",2018,"","","https://hal.archives-ouvertes.fr/hal-01822586","","","","","","{Institute of Electrical and Electronics Engineers}","","","","","","","","","","",""
7,"","zhang:hal-01931257","Zhang, X.; Lorenceau, Elise; Bourouina, Tarik; Basset, Philippe; Oerther, Thomas; FERRARI, Maude; Rouyer, Florence; Goyon, Julie & Coussot, Philippe","Wall slip mechanisms in direct and inverse emulsions","{Journal of Rheology}",62,6,"","1495-1513",2018,"","","https://hal.univ-lorraine.fr/hal-01931257","","","","","","{American Institute of Physics}","","","","","","","","","","https://hal.univ-lorraine.fr/hal-01931257/file/Journal%20of%20Rheology%202018.pdf",""
7,"","zhang:hal-01931257","Zhang, X.; Lorenceau, Elise; Bourouina, Tarik; Basset, Philippe; Oerther, Thomas; FERRARI, Maude; Rouyer, Florence; Goyon, Julie & Coussot, Philippe","Wall slip mechanisms in direct and inverse emulsions","{Journal of Rheology}",62,6,"","1495-1513",2018,"","","https://hal.univ-lorraine.fr/hal-01931257","","","","","","{American Institute of Physics}","","","","","","","","","","https://hal.univ-lorraine.fr/hal-01931257/file/Journal%20of%20Rheology%202018.pdf",""
1,"","kerautret:hal-02172999","Kerautret, Bertrand; Colom, Miguel; Lopresti, Daniel; Monasse, Pascal & Talbot, Hugues","Reproducible Research in Pattern Recognition, Second International Workshop, RRPR 2018","",,,"August","",2018,"","","https://hal-enpc.archives-ouvertes.fr/hal-02172999","","","","","","","","","","","","","","","","https://hal-enpc.archives-ouvertes.fr/hal-02172999/file/preface.pdf",""
1,"","latorre:hal-02151565","Latorre, Bernard; Poulichet, Patrick; Berland, Corinne; Delabie, Christophe; DE DIEULEVEULT, Fran{\c c}ois & Fran{\c c}ais, Olivier","\'Electronique Analogique. Composants et syst\`emes complexes","",,,"May","",2018,"","","https://hal.archives-ouvertes.fr/hal-02151565","","","","","","{Dunod}","","","","","","","","","","",""
5,"","li:hal-01803798","Li, Xiaoting & George, Laurent","Chapter 1: A Survey of Switched Ethernet Solutions for Real-time Audio/Video Communications","",,,"September","",2017,"","","https://hal-upec-upem.archives-ouvertes.fr/hal-01803798","{ISTE Press - Elsevier}","","","Building Wireless Sensor Networks - 1st Edition","","","","","","","","","","","Ethernet ; AVB ; Real-time","",""
5,"","pina:hal-01862974","Pina, Mery; Colas, Pierre; Cancio, Ibon; Audic, Annie; Bosser, Lucas; Canario, Adelino; Gribbon, Philip; Emmanuelle, Anne; Kooistra, Wiebe H. C. F.; Merciecca, Matthieu; Magoulas, Antonios; Nardello, Ilaria; Smith, David; Pade, Nicolas; Robinson, Douglas K. R.; Schoen, Antoine; Schultz, Fanny & Kloareg, Bernard","The European Marine Biological Research Infrastructure Cluster: An Alliance of European Research Infrastructures to Promote the Blue Bioeconomy","",,,"May","",2018,"","","https://hal.archives-ouvertes.fr/hal-01862974","{Grand Challenges in Marine Biotechnology }","","","","","","","","","","","","","","","",""
6,"","adjali:hal-01765156","Adjali, Imad; Gueye, Ayichatou; Poussot, Benoit; Mostarshedi, Shermila; Nadal, Florence & Laheurte, Jean-Marc","Statistical Study of Coupling in Randomly Distributed Dipole Sets","",,,"November","",2017,"Torino, Italy","","https://hal.archives-ouvertes.fr/hal-01765156","{Uncertainty Modeling for Engineering Applications (UMEMA) Workshop}","","","","","","","","","","","","","","","",""
6,"","adjali:hal-01890656","Adjali, Imad; Gueye, Ayichatou; Poussot, Benoit; Mostarshedi, Shermila; Nadal, Florence & Laheurte, Jean-Marc","Statistical Study of Coupling in Randomly Distributed Dipole Sets","",,,"April","",2018,"Londres, United Kingdom","","https://hal-upec-upem.archives-ouvertes.fr/hal-01890656","{12th European Conference on Antennas and Propagation (EuCAP 2018)}","","","","","","","","","","","","","","","",""
6,"","antunes:hal-01740357","Antunes, Daniel; Mathieu, Claire & Mustafa, Nabil","Combinatorics of Local Search: An Optimal 4-Local Hall's Theorem for Planar Graphs","",,,"September","",2017,"Vienna, Austria","","https://hal.archives-ouvertes.fr/hal-01740357","{25th Annual European Symposium on Algorithms (ESA 2017)}","","","25th Annual European Symposium on Algorithms (ESA 2017)","","","","","","","","","",""," Expansion ; Combinatorial Optimization ; Hall's Theorem ; Planar Graphs ; Local Search","https://hal.archives-ouvertes.fr/hal-01740357/file/radiuslocalsearch.pdf",""
6,"","bacchuwar:hal-01615465","Bacchuwar, Ketan; Cousty, Jean; Vaillant, R{\'e}gis & Najman, Laurent","VOIDD: automatic vessel of intervention dynamic detection in PCI procedures","",26,6,"September","136 - 157",2017,"Quebec City, Canada","","https://hal-upec-upem.archives-ouvertes.fr/hal-01615465","{CVII-Stent Workshop MICCAI 2017}","","","","","","","","","","","","","","Interventional cardiology ; PCI procedure modeling ; Image fusion ; coronary roadmap","https://hal-upec-upem.archives-ouvertes.fr/hal-01615465/file/VOIDD_BACCHUWAR_2017_HAL.pdf",""
6,"","bacchuwar:hal-01615465","Bacchuwar, Ketan; Cousty, Jean; Vaillant, R{\'e}gis & Najman, Laurent","VOIDD: automatic vessel of intervention dynamic detection in PCI procedures","",26,6,"September","136 - 157",2017,"Quebec City, Canada","","https://hal-upec-upem.archives-ouvertes.fr/hal-01615465","{CVII-Stent Workshop MICCAI 2017}","","","","","","","","","","","","","","Interventional cardiology ; PCI procedure modeling ; Image fusion ; coronary roadmap","https://hal-upec-upem.archives-ouvertes.fr/hal-01615465/file/VOIDD_BACCHUWAR_2017_HAL.pdf",""
6,"","badra:hal-02459103","Badra, Fadi; Sedki, Karima & Ugon, Adrien","On the Role of Similarity in Analogical Transfer","",,,"July","",2018,"Stockholm, France","","https://hal.inria.fr/hal-02459103","{ICCBR 2018 - 26th International Conference on Case-Based Reasoning}","","","","","","","","","","","","","","","https://hal.inria.fr/hal-02459103/file/iccbr.pdf",""
6,"","barbudo:hal-01801018","Barbudo, Elias; Dokladalova, Eva; Grandpierre, Thierry & George, Laurent","A mapping tool for configurable pipeline co-processors","",,,"June","",2018,"Paris, France","","https://hal-enpc.archives-ouvertes.fr/hal-01801018","{Colloque National du GDR SoC-SiP}","","","","","","","","","{GDR-SOC-SIP}","","","","","","https://hal-enpc.archives-ouvertes.fr/hal-01801018/file/short-mapping-tool.pdf",""
6,"","Barbudo2018","Barbudo, Elias; Dokladalova, Eva; Grandpierre, Thierry & George, Laurent","A mapping tool for configurable pipeline co-processors","",,,"June","",2018,"Paris, France","","https://hal-enpc.archives-ouvertes.fr/hal-01801018","{Colloque National du GDR SoC-SiP}","","","","","","","","","{GDR-SOC-SIP}","","","","","","https://hal-enpc.archives-ouvertes.fr/hal-01801018/file/short-mapping-tool.pdf",""
6,"","basset:hal-01887181","Basset, Philippe; Galisultanov, Ayrat; Perrin, Yann; Samaali, Hatem; Hutin, Louis; Fanet, Herv{\'e} & Pillonnet, Ga{\"e}l","Capacitive adiabatic logic based on gap-closing MEMS devices","",,,"September","",2017,"Thessaloniki, France","","https://hal.archives-ouvertes.fr/hal-01887181","{2017 27th International Symposium on Power and Timing Modeling, Optimization and Simulation (PATMOS)}","","","2017 27th International Symposium on Power and Timing Modeling, Optimization and Simulation (PATMOS)","","{IEEE}","","","","","","","","","","https://hal.archives-ouvertes.fr/hal-01887181/file/PM2017.pdf",""
6,"","bazan:hal-01790867","Bazan, Eric; Dokl{\'a}dal, Petr & Dokladalova, Eva","Non supervised perceptual model for target recognition in UAVs","",,,"June","",2018,"Marne la Vall{\'e}e, France","","https://hal-enpc.archives-ouvertes.fr/hal-01790867","{Reconnaissance des Formes, Image, Apprentissage et Perception RFIAP}","","","","","","","","","","","","","","","https://hal-enpc.archives-ouvertes.fr/hal-01790867/file/RFIAP_2018%20%281%29.pdf",""
6,"","benamara:hal-01691631","Benamara, Megdouda; Grzeskowiak, Marjorie; Salhi, Miyassa; Lissorgues, Gaelle Bazin; Diet, A. & Le Bihan, Yann","Array sub-loops reader antenna for HF RFID tracking","",,,"September","100-105",2017,"Warsaw, Poland","","https://hal-centralesupelec.archives-ouvertes.fr/hal-01691631","{2017 IEEE International Conference on RFID Technology \& Application (RFID-TA)}","","","Proceedings of 2017 IEEE International Conference on RFID Technology \& Application (RFID-TA)","","{IEEE}","","","","","","","","","Detection ; Array sub-loops antenna ; Magnetic coupling ; RFID ; Mutual inductance","https://hal-centralesupelec.archives-ouvertes.fr/hal-01691631/file/Benamara_23838.pdf",""
6,"","bercher:hal-01803757","Bercher, Jean-Fran{\c c}ois & Zozor, Steeve","Properties and Inequalities for $\phi$-entropies Derived from Inverse MaxEnt Problems","",,,"May","",2018,"Barcelone, Spain","","https://hal-upec-upem.archives-ouvertes.fr/hal-01803757","{Entropy 2018: From Physics to Information Sciences and Geometry}","","","","","","","","","","","","","","","",""
6,"","boutry:hal-01586418","Boutry, Nicolas; Najman, Laurent & G{\'e}raud, Thierry","Well-Composedness in Alexandrov Spaces Implies Digital Well-Composedness in $\mathbb Z^n$","",10502,,"September","225-237",2017,"Vienne, Austria","","https://hal.archives-ouvertes.fr/hal-01586418","{20th International Conference on Discrete Geometry for Computer Imagery (DGCI 2017)}","","","Discrete Geometry for Computer Imagery 20th IAPR International Conference, DGCI 2017, Vienna, Austria, September 19 -- 21, 2017, Proceedings","Kropatsch, Walter G.; Artner, Nicole M. & Janusch, Ines","","","","","","","","","","well-composed$\times$discrete surfaces ; Alexandrov spaces ; critical configurations ; digital topology","https://hal.archives-ouvertes.fr/hal-01586418/file/article.pdf",""
6,"","boutry:hal-01744455","Boutry, Nicolas; Najman, Laurent & G{\'e}raud, Thierry","Well-composedness in Alexandrov spaces implies digital well-composedness in Z^n","",,,"September","",2017,"Vienna, Austria","","https://hal.univ-reims.fr/hal-01744455","{20th IAPR International Conference on Discrete Geometry for Computer Imagery (DGCI)}","","","","","","","","","","","","","","","https://hal.univ-reims.fr/hal-01744455/file/article.final.pdf",""
6,"","boutzen:hal-01795844","Boutzen, Jocelyn; Valet, Manon; Fradot, Val{\'e}rie; Rousseau, Lionel; Fran{\c c}ais, Olivier; Picaud, Serge & Lissorgues, Gaelle Bazin","Characterization of Retinal Pigmented Epithelium Cells Density on a MicroElectrode Array Using Impedance Spectroscopy","",1,4,"September","",2017,"Paris, France","","https://hal.archives-ouvertes.fr/hal-01795844","{Eurosensors 2017}","","","","","{MDPI}","","","","","","","","","impedance spectroscopy ; MicroElectrode Array ; retinal pigment epithelium cells","https://hal.archives-ouvertes.fr/hal-01795844/file/proceedings-01-00530.pdf",""
6,"","boutzen:hal-01795844","Boutzen, Jocelyn; Valet, Manon; Fradot, Val{\'e}rie; Rousseau, Lionel; Fran{\c c}ais, Olivier; Picaud, Serge & Lissorgues, Gaelle Bazin","Characterization of Retinal Pigmented Epithelium Cells Density on a MicroElectrode Array Using Impedance Spectroscopy","",1,4,"September","",2017,"Paris, France","","https://hal.archives-ouvertes.fr/hal-01795844","{Eurosensors 2017}","","","","","{MDPI}","","","","","","","","","impedance spectroscopy ; MicroElectrode Array ; retinal pigment epithelium cells","https://hal.archives-ouvertes.fr/hal-01795844/file/proceedings-01-00530.pdf",""
6,"","boutzen:hal-02151558","Boutzen, Jocelyn; Valet, Manon; Fradot, Val{\'e}rie; Lionel, Rousseau; Fran{\c c}ais, Olivier; Picaud, Serge & Lissorgues, Gaelle Bazin","Impedance spectroscopy on cell cultured microelectrode arrays as an in-vitro tool for retinal implant monitoring","",,,"June","",2018,"Miami, United States","","https://hal.archives-ouvertes.fr/hal-02151558","{Biosensors}","","","","","","","","","","","","","","","",""
6,"","boutzen:hal-02151558","Boutzen, Jocelyn; Valet, Manon; Fradot, Val{\'e}rie; Lionel, Rousseau; Fran{\c c}ais, Olivier; Picaud, Serge & Lissorgues, Gaelle Bazin","Impedance spectroscopy on cell cultured microelectrode arrays as an in-vitro tool for retinal implant monitoring","",,,"June","",2018,"Miami, United States","","https://hal.archives-ouvertes.fr/hal-02151558","{Biosensors}","","","","","","","","","","","","","","","",""
6,"","cayllahuacahuina:hal-01710920","Cayllahua Cahuina, Edward Jorge Yuri; Cousty, Jean; Kenmochi, Yukiko; De Albuquerque Araujo, Arnaldo & C{\'a}mara-Ch{\'a}vez, Guillermo","Algorithms for hierarchical segmentation based on the Felzenszwalb-Huttenlocher dissimilarity","",,,"May","",2018,"Montreal, Canada","","https://hal-upec-upem.archives-ouvertes.fr/hal-01710920","{ International Conference on Pattern Recognition and Artificial Intelligence}","","","","","","","","","","","","","","Hierarchical segmentation ; Mathematical morphology","https://hal-upec-upem.archives-ouvertes.fr/hal-01710920/file/ICPRAI2018.pdf",""
6,"","challa:hal-01427957","Challa, Aditya; Danda, Sravan; Daya Sagar, B.  S. & Najman, Laurent","An Introduction to Gamma-Convergence for Spectral Clustering","",10502,,"September","185--196",2017,"Vienna, Austria","","https://hal.archives-ouvertes.fr/hal-01427957","{Discrete Geometry for Computer Imagery}","","","Lecture Note In Computer Sciences","","{Springer}","","","","{Kropatsch, Walter G. and Artner, Nicole M. and Janusch, Ines}","","","","","","https://hal.archives-ouvertes.fr/hal-01427957/file/GammaLimitSpectralClustering.pdf",""
6,"","chierchia:hal-01634525","Chierchia, Giovanni; Cherni, Afef; Chouzenoux, Emilie & Pesquet, Jean-Christophe","Approche de Douglas-Rachford al\'eatoire par blocs appliqu\'ee \`a la r\'egression logistique parcimonieuse","",,,"September","1-4",2017,"Juan les Pins, France","","https://hal.archives-ouvertes.fr/hal-01634525","{GRETSI 2017}","","","Actes du 26e colloque GRETSI","","","","","","","","","","","","https://hal.archives-ouvertes.fr/hal-01634525/file/chouzenoux71_final.pdf",""
6,"","costanzo:hal-01672746","Costanzo, Salvatore; Fajjari, Ilhem; Aitsaadi, Nadjib & Langar, Rami","A Network Slicing Prototype for a Flexible Cloud Radio Access Network","",,,"January","",2018,"Las Vegas, United States","","https://hal-upec-upem.archives-ouvertes.fr/hal-01672746","{IEEE CCNC}","","","","","","","","","","","","","","","",""
6,"","costanzo:hal-01672747","Costanzo, Salvatore; Fajjari, Ilhem; Aitsaadi, Nadjib & Langar, Rami","DEMO: SDN-based Network Slicing in C-RAN","",,,"January","",2018,"Las Vegas, United States","","https://hal-upec-upem.archives-ouvertes.fr/hal-01672747","{IEEE CCNC}","","","","","","","","","","","","","","","",""
6,"","costanzo:hal-01803469","Costanzo, Salvatore; Fajjari, Ilhem; Aitsaadi, Nadjib & Langar, Rami","Dynamic Network Slicing for 5G IoT and eMBB services: A New Design with Prototype and Implementation Results","",,,"July","",2018,"Paris, France","","https://hal-upec-upem.archives-ouvertes.fr/hal-01803469","{IEEE CIoT}","","","","","","","","","","","","","","","",""
6,"","cousty:hal-01657192","Cousty, Jean; Guimar{\~a}es, Silvio Jamil F.; Bel{\`e}m, Felipe & Patrocinio, Zenilton Jr","Impacts of contour saliency map transformations","",,,"October","",2017,"Niteroi, Brazil","","https://hal.archives-ouvertes.fr/hal-01657192","{Workshop of Undergraduate Works (WUW) in the 30th Conference on Graphics, Patterns and Images (SIBGRAPI'17)}","","","","","","","","","","","","","","","",""
6,"","dab:hal-01797514","Dab, Boutheina; Fajjari, Ilhem & Aitsaadi, Nadjib","A Joint Batch-Routing and Channel Assignment Approach in Hybrid Data Center Networks","",,,"September","",2017,"Toronto, Canada","","https://hal.archives-ouvertes.fr/hal-01797514","{2017 IEEE 86th Vehicular Technology Conference (VTC-Fall)}","","","","","{IEEE}","","","","","","","","","","",""
6,"","dab:hal-01797530","Dab, Boutheina; Fajjari, Ilhem & Aitsaadi, Nadjib","A Heuristic Approach for Joint Batch-Routing and Channel Assignment in Hybrid-DCNs","",,,"December","",2017,"Singapore, Singapore","","https://hal.archives-ouvertes.fr/hal-01797530","{2017 IEEE Global Communications Conference (GLOBECOM 2017)}","","","","","{IEEE}","","","","","","","","","","",""
6,"","desta:hal-01718861","Desta, Alemayehu Addisu; Badis, Hakim & George, Laurent","Demand response scheduling in production lines constrained by available power","",,,"May","",2018,"Kansas City, MO, United States","","https://hal.archives-ouvertes.fr/hal-01718861","{IEEE International Conference on Communications (IEEE ICC) 2018 Workshop - ICT4SG}","","","","","","","","","","","","","","","",""
6,"","desta:hal-01793648","Desta, Alemayehu Addisu; Badis, Hakim; George, Laurent & Courbin, Pierre","An efficient production scheduling based on queuing theory in systems with synchronous part transfer during a demand response event","",,,"October","",2017,"Dresden, Germany","","https://hal.archives-ouvertes.fr/hal-01793648","{2017 IEEE International Conference on Smart Grid Communications (SmartGridComm)}","","","","","{IEEE}","","","","","","","","","","",""
6,"","diet:hal-01691636","Diet, A.; Biancheri-Astier, Marc; Le Bihan, Yann; Conessa, Christophe; de Oliveira Alves, Francisco; Grzeskowiak, Marjorie; Benamara, Megdouda & Lissorgues, Gaelle Bazin","Design of 1cm2 coils for HF RFID instruments tracking with detection range improvement","",,,"September","7-11",2017,"Warsaw, Poland","","https://hal-centralesupelec.archives-ouvertes.fr/hal-01691636","{2017 IEEE International Conference on RFID Technology \& Application (RFID-TA)}","","","Proceedings of 2017 IEEE International Conference on RFID Technology \& Application (RFID-TA)","","{IEEE}","","","","","","","","","HF RFID ; Coil ; Magnetic coupling","https://hal-centralesupelec.archives-ouvertes.fr/hal-01691636/file/Diet_23839.pdf",""
6,"","diet:hal-01691652","Diet, A.; Biancheri-Astier, M.; Le Bihan, Yann; Conessa, Christophe; Gbafa, Koffi; Alves, F.; Grzeskowiak, Marjorie; Benamara, Megdouda; Lissorgues, Gaelle Bazin & Pozzebon, Alessandro","A switched reader complementary-loops structure for detecting LF RFID tagged pebbles","",,,"September","1-5",2017,"Warsaw, Poland","","https://hal-centralesupelec.archives-ouvertes.fr/hal-01691652","{2017 IEEE International Conference on RFID Technology \& Application (RFID-TA)}","","","","","{IEEE}","","","","","","","","","Complementary loops ; Mutual coupling ; LF RFID","https://hal-centralesupelec.archives-ouvertes.fr/hal-01691652/file/Diet_23840.pdf",""
6,"","elfellahi:hal-01592115","El Fellahi, Abdelhatif; Bore, Thierry; Rousseau, Lionel; Le Pioufle, Bruno & Fran{\c c}ais, Olivier","Microwave Sensor within a Microfluidic Chip for Biological Applications","",1,4,"September","523",2017,"Paris, France","","https://hal.archives-ouvertes.fr/hal-01592115","{Eurosensors}","","","Proceedings of Eurosensors Conference","","{MDPI}","","","","","","","","","","",""
6,"","fajjari:hal-01797494","Fajjari, Ilhem; Aitsaadi, Nadjib & Kouicem, Djamel Eddine","A Novel SDN Scheme for QoS Path Allocation in Wide Area Networks","",62,3,"December","69-88",2017,"Singapore, Singapore","","https://hal.archives-ouvertes.fr/hal-01797494","{2017 IEEE Global Communications Conference (GLOBECOM 2017)}","","","","","{IEEE}","","","","","","","","","","",""
6,"","fautrel:hal-01804689","Fautrel, Tristan; George, Laurent; Goossens, Jo{\"e}l; Masson, Damien & Rodriguez, Paul","A Practical Sub-Optimal Solution for the Dual Priority Scheduling Problem","",,,"June","",2018,"Gratz, Austria","","https://hal-upec-upem.archives-ouvertes.fr/hal-01804689","{13th {IEEE} International Symposium on Industrial Embedded Systems (SIES'2018)}","","","","","","","","","","","","","","Dual-Driority ; scheduling ; real-time","",""
6,"","george:hal-01742078","George, Laurent; Masson, Damien & N{\'e}lis, Vincent","Selective Real-Time Data Emission in Mobile Intelligent Transport Systems","",,,"December","",2017,"Paris, France","","https://hal.archives-ouvertes.fr/hal-01742078","{5th International Workshop on Mixed Criticality Systems}","","","","","","","","","","","","","","","https://hal.archives-ouvertes.fr/hal-01742078/file/main.pdf",""
6,"","gharat:hal-01722902","Gharat, Vighnesh; Colin, Elizabeth; Baudoin, Genevi{\`e}ve & Richard, Damien Richard","Impact of ferromagnetic obstacles on LF-RFID based indoor positioning systems","",,,"September","",2017,"Warsaw, Poland","","https://hal.archives-ouvertes.fr/hal-01722902","{2017 IEEE International Conference on RFID Technology \& Application (RFID-TA)}","","","","","{IEEE}","","","","","","","","","","",""
6,"","gharat:hal-01722906","Gharat, Vighnesh; Colin, Elizabeth; Baudoin, Genevi{\`e}ve & Richard, Damien Richard","Indoor performance analysis of LF-RFID based positioning system: Comparison with UHF-RFID and UWB","",,,"September","",2017,"Sapporo, Japan","","https://hal.archives-ouvertes.fr/hal-01722906","{2017 International Conference on Indoor Positioning and Indoor Navigation (IPIN)}","","","","","{IEEE}","","","","","","","","","","",""
6,"","grossiord:hal-01745773","Grossiord, Elo{\"i}se; Talbot, Hugues; Passat, Nicolas; Meignan, Michel & Najman, Laurent","Segmentation 3D des l\'esions du lymphome \`a partir de descripteurs multimodaux TEP/TDM","",,,"","",2018,"Paris, France","","https://hal.univ-reims.fr/hal-01745773","{Journ{\'e}e th{\'e}matique du GdR ISIS : ''Segmentation d'images biom{\'e}dicales : quels outils pour l'analyse des donn{\'e}es massives, h{\'e}t{\'e}rog{\`e}nes et multimodales ?''}","","","","","","","","","","","","","","","https://hal.univ-reims.fr/hal-01745773/file/Grossiord%20ISIS%202018.pdf",""
6,"","grzeskowiak:hal-02200487","Grzeskowiak, Marjorie; Benamara, Megdouda; Poulichet, Patrick; Protat, St{\'e}phane; Lissorgues, Ga{\"e}lle; Diet, Antoine; Biancheri-Astier, Marc; Le Bihan, Yann; Conessa, Christophe & de Oliveira Alves, Francisco","Sub-coil in reader antenna for HF RFID volume detection improvment","",,,"September","134-139",2017,"Warsaw, Poland","","https://hal.archives-ouvertes.fr/hal-02200487","{2017 IEEE International Conference on RFID Technology \& Application (RFID-TA)}","","","","","","","","","","","","","","Volume detection ; Read range improvement ; HF RFID ; Off-center subcoils ; Distributed Diameter Coil ; Twisted Loop Antenna","https://hal.archives-ouvertes.fr/hal-02200487/file/Grzeskowiak_24074.pdf",""
6,"","gueye:hal-01890652","Gueye, Ayichatou; Poussot, Benoit; Nadal, Florence & Baudoin, Genevi{\`e}ve","A Spherical Model of the Array Factor for Active Element Pattern Synthesis","",,,"April","",2018,"Londres, United Kingdom","","https://hal-upec-upem.archives-ouvertes.fr/hal-01890652","{12th European Conference on Antennas and Propagation (EuCAP 2018)}","","","","","","","","","","","","","","","",""
6,"","heimeriks:hal-01775231","Heimeriks, Gaston; Schoen, Antoine; Laurens, Patricia; Villard, Lionel & Alkemade, Floortje","The evolving technological capabilities of firms","",,,"September","",2017,"PARIS, France","","https://hal.archives-ouvertes.fr/hal-01775231","{Science and Technology Indicators (STI)}","","","","","","","","","","","","","","","",""
6,"","isavudeen:hal-01535640","Isavudeen, Ali; Ngan, Nicolas; Dokladalova, Eva & Akil, Mohamed","Highly Scalable Monitoring System on Chip for Multi-Stream Auto-Adaptable Vision System","",,,"September","Pages 249-254",2017,"Krakow, Poland","","https://hal-enpc.archives-ouvertes.fr/hal-01535640","{ International Conference on Research in Adaptive and Convergent Systems}","","","Proceedings of the International Conference on Research in Adaptive and Convergent Systems","","{ACM New York}","","","","","","","","","on-chip monitoring ; auto-adaptive architecture ; self-aware ; router ; vision ; multi-stream ; FPGA","https://hal-enpc.archives-ouvertes.fr/hal-01535640/file/paper_FPL_2017_v6.pdf",""
6,"","jartoux:hal-01797822","Jartoux, Bruno & Mustafa, Nabil","Optimality of Geometric Local Search","",,,"June","",2018,"Budapest, Hungary","","https://hal.archives-ouvertes.fr/hal-01797822","{34th International Symposium on Computational Geometry (SoCG 2018)}","","","","","","","","","","","","",""," local search ; expansion ; matchings ; Hall's marriage theorem","https://hal.archives-ouvertes.fr/hal-01797822/file/p48-jartoux.pdf",""
6,"","kantana:hal-02424005","Kantana, Chouaib; Venard, Olivier & Baudoin, Genevi{\`e}ve","Comparison of GMP and DVR models","",,,"July","1-3",2018,"Brive La Gaillarde, France","","https://hal.archives-ouvertes.fr/hal-02424005","{2018 International Workshop on Integrated Nonlinear Microwave and Millimetre-wave Circuits (INMMIC)}","","","","","{IEEE}","","","","","","","","","","",""
6,"","kifouche:hal-01722923","Kifouche, Abdenour; Baudoin, Genevi{\`e}ve; Hamouche, R{\'e}dha & Kocik, R{\'e}my","Generic sensor network for building monitoring: design, issues, and methodology","",,,"November","",2017,"Miri, Malaysia","","https://hal.archives-ouvertes.fr/hal-01722923","{2017 IEEE Conference on Wireless Sensors (ICWiSe)}","","","","","{IEEE}","","","","","","","","","","",""
6,"","laurens:hal-01775238","Laurens, Patricia; Schoen, Antoine; Yegros, Alfredo & Lar{\'e}do, Philippe","Exploration of knowledge in European large firms in the Chemicals and Pharma/biotech sectors: level and mode of collaboration in the corporate scientific publications and patents","",,,"September","",2017,"PARIS, France","","https://hal.archives-ouvertes.fr/hal-01775238","{Science and technology Indicators (STI)}","","","","","","","","","","","","","","","",""
6,"","laurens:hal-01775246","Laurens, Patricia; Schoen, Antoine & Yegros, Alfredo","Production and exploitation of knowledge in large EU firms from the industrial sectors of Chemicals and Pharmaceuticals \& Biotechnology","",,,"September","",2017,"Palaiseau, France","","https://hal.archives-ouvertes.fr/hal-01775246","{GeoInnno - journ{\'e}e de l'AIMS}","","","","","","","","","","","","","","","",""
6,"","lin:hal-01592123","Lin, Yu-Sheng; Tsang, Sung; Ghasemi, Rasta; Bensalem, Sakina; Fran{\c c}ais, Olivier; Lopes, Filipa; Wang, Hsiang-Yu; Sun, Chen-Li & Le Pioufle, Bruno","Dielectric Characterisation of Single Microalgae Cell Using Electrorotation Measurements","",1,4,"September","543 - 6",2017,"Paris, France","","https://hal.archives-ouvertes.fr/hal-01592123","{Eurosensors 2017}","","","","","","","","","","","","","","microfluidics ; electrorotation ; microalgae ; dielectric characteristics","https://hal.archives-ouvertes.fr/hal-01592123/file/EurosensorsproceedingsLin-01-00543-v2.pdf",""
6,"","liu:hal-01820821","Liu, Ming; Liang, Bian; Zheng, Feifeng; Chu, Chengbin & Chu, Feng","Quay crane scheduling problem with the consideration of maintenance","",,,"March","1--6",2018,"Zhuhai, China","","https://hal.archives-ouvertes.fr/hal-01820821","{15th IEEE International Conference on Networking, Sensing and Control (ICNSC 2018)}","","","Proc. of the 15th IEEE International Conference on Networking, Sensing and Control (ICNSC 2018)","","{IEEE}","","","","","","","","","maintenance activities genetic algorithm ; Quay Crane ; Scheduling","",""
6,"","liu:hal-02077980","Liu, Ming; Liang, Bian; Zheng, Feifeng; Chu, Chengbin & Chu, Feng","A Two-stage Stochastic Programming Approach for Aircraft Landing Problem","",Proc. of the 15th International Conference on Service Systems and Service Management (ICSSSM 2018),,"July","",2018,"Hangzhou, China","","https://hal.archives-ouvertes.fr/hal-02077980","{15th International Conference on Service Systems and Service Management (ICSSSM 2018)}","","","","","{IEEE}","","","","","","","","","Airport runway scheduling ; Stochastic programming ; Sample average approximation","https://hal.archives-ouvertes.fr/hal-02077980/file/AICSSSM2018_Ming_Liu%20Two-stage%20Stochastic%20Programming%20Approach%20for%20Aircraft%20Landing%20Problem.pdf",""
6,"","losada:cea-01921186","Losada, Pedro Gonzalez; Grzeskowiak, Marjorie; Rousseau, Lionel; Lissorgues, Gaelle Bazin & Scorsone, Emmanuel","Life time assessment of microelectrodes for neural stimulation applications","",22,,"May","8394229",2018,"Rome, Italy","","https://hal-cea.archives-ouvertes.fr/cea-01921186","{2018 Symposium on Design, Test, Integration \& Packaging of MEMS and MOEMS (DTIP)}","","","","","{IEEE}","","","","","","","","","Diamond ; biomedical electrodes ; bioelectric phenomena ; Black-Pt ; PEDOT ; neural stimulation ; Platinum ; Impedance ; Accelerated aging ; life testing ; microfabrication ; microelectrodes ; neurophysiology ; prosthetics ; stimulation configuration ; microfabricated electrodes ; neural stimulation applications ; dedicated characterization platform ; life time assessment ; electrode materials ; disabled patients ; chronic stimulation ; neural prosthetic devices ; aging ; microelectrode","https://hal-cea.archives-ouvertes.fr/cea-01921186/file/article_PedroLosada.pdf",""
6,"","lu:hal-02426284","Lu, Yingxian; Marty, Fr{\'e}d{\'e}ric; Galayko, Dimitri; Laheurte, Jean-Marc & Basset, Philippe","A MEMS EVEH-Assisted Long-Range RFID Tag System for Applications with Low-Frequency Vibrations","",1,4,"September","582",2017,"Paris, France","","https://hal.archives-ouvertes.fr/hal-02426284","{Eurosensors 2017}","","","Proceedings","","{MDPI}","","","","","","","","","RFID communication tag ; energy management circuit ; impedance mismatch ; low frequency ; electrostatic vibration energy harvester","https://hal.archives-ouvertes.fr/hal-02426284/file/proceedings-01-00582-v2.pdf",""
6,"","lyazidi:hal-01610333","Lyazidi, Mohammed Yazid; Giupponi, Lorenza; Mangues-Bafalluy, Josep; Aitsaadi, Nadjib & Langar, Rami","A Novel Optimization Framework for C-RAN BBU Selection based on Resiliency and Price","",,,"September","",2017,"Toronto, Canada","","https://hal.archives-ouvertes.fr/hal-01610333","{VTC-Fall 2017 - IEEE 86th Vehicular Technology Conference}","","","","","{IEEE}","","","","","","","","","Virtualization cost ; Resiliency ; BBU ; Branch-and-Price ; C-RAN ; Optimization","https://hal.archives-ouvertes.fr/hal-01610333/file/VTC_2017.pdf",""
6,"","maman:hal-01970376","Maman, Catherine & Pointet, Jean-Marc","`` Dialogue '' : Le th\'e\^atre au service du renouvellement de l'apprentissage du management et du leadership, le cas d'une \'ecole d'ing\'enieurs.","",,,"January","",2018,"Cr{\'e}teil, France","","https://hal.archives-ouvertes.fr/hal-01970376","{Journ{\'e}es de pratique et de recherche `` Approches cr{\'e}atives et critiques de l'apprentissage du management ''}","","","","","","","","","","","","","","","https://hal.archives-ouvertes.fr/hal-01970376/file/Th%20et%20managt%20C%20Maman%20pdf%20V%20Hal.pdf",""
6,"","maria:hal-01698656","Maria, Maxime; Mustafa, Nabil; Bardoux, Thomas; Defaye, J{\'e}r{\'e}mie & Biri, Venceslas","Visibility based WSPD for Global Illumination","",1,,"January","81-90",2018,"Funchal, Portugal","","https://hal.archives-ouvertes.fr/hal-01698656","{13th International Joint Conference on Computer Vision, Imaging and Computer Graphics Theory and Applications (VISIGRAPP 2018)}","","","GRAPP","","","","","","","","","","","VPL clustering ; Many-Light ; Ray Tracing","https://hal.archives-ouvertes.fr/hal-01698656/file/Visibility%20based%20WSPD%20for%20Global%20Illumination.pdf",""
6,"","mustafa:hal-01890699","Mustafa, Nabil & Ray, Saurabh","On a problem of Danzer","",,,"August","64:1-64:8",2018,"Helsinki, Finland","","https://hal.archives-ouvertes.fr/hal-01890699","{26th Annual European Symposium on Algorithms (ESA 2018)}","","","","","","","","","","","","","","Convex polytopes ; Hadwiger-Debrunner numbers ; Epsilon-nets ; Balls","https://hal.archives-ouvertes.fr/hal-01890699/file/LIPIcs-ESA-2018-64.pdf",""
6,"","nanni:hal-01708906","Nanni, Jacopo; Pizzuti, Francesco; Tartarini, Giovanni; Polleux, Jean-Luc & Algani, Catherine","VCSEL-SSMF-based Radio-over-Fiber link for low cost and low consumption wireless dense networks","",,,"October","",2017,"Beijing, France","","https://hal.archives-ouvertes.fr/hal-01708906","{2017 International Topical Meeting on Microwave Photonics (MWP)}","","","","","{IEEE}","","","","","","","","","","",""
6,"","nhimi:hal-01886738","Nhimi, Filipe T{\'o}rio. L. R.; Patroc{\'i}nio, Zenilton; Perret, Benjamin; Cousty, Jean & Guimar{\~a}es, Silvio Jamil F.","Evaluation of morphological hierarchies for supervised video segmentation","",,,"April","",2018,"Pau, France","","https://hal.archives-ouvertes.fr/hal-01886738","{the 33rd Annual ACM Symposium on Applied Computing}","","","","","{ACM Press}","","","","","","","","","","",""
6,"","Nhimi2018","Nhimi, Filipe T{\'o}rio. L. R.; Patroc{\'i}nio, Zenilton; Perret, Benjamin; Cousty, Jean & Guimar{\~a}es, Silvio Jamil F.","Evaluation of morphological hierarchies for supervised video segmentation","",,,"April","",2018,"Pau, France","","https://hal.archives-ouvertes.fr/hal-01886738","{the 33rd Annual ACM Symposium on Applied Computing}","","","","","{ACM Press}","","","","","","","","","","",""
6,"","rodrigues:hal-01548112","Rodrigues, Franciele; Leal, Pedro; Kenmochi, Yukiko; Cousty, Jean; Najman, Laurent; Guimar{\~a}es, Silvio & Patroc{\'i}nio, Zenilton","Graph-based Hierarchical Video Cosegmentation","",,,"September","",2017,"Catania, Italy","","https://hal.archives-ouvertes.fr/hal-01548112","{19th International Conference on Image Analysis and Processing}","","","Lecture Note In Computer Sciences","","","","","","{Sebastiano Battiato and Giovanni Gallo}","","","","","Graph-based segmentation ; video cosegmentation ; hierarchical clustering","https://hal.archives-ouvertes.fr/hal-01548112/file/2017-conf-iciap-video-cosegmentation-2.pdf",""
6,"","rodrigues:hal-01548112","Rodrigues, Franciele; Leal, Pedro; Kenmochi, Yukiko; Cousty, Jean; Najman, Laurent; Guimar{\~a}es, Silvio & Patroc{\'i}nio, Zenilton","Graph-based Hierarchical Video Cosegmentation","",,,"September","",2017,"Catania, Italy","","https://hal.archives-ouvertes.fr/hal-01548112","{19th International Conference on Image Analysis and Processing}","","","Lecture Note In Computer Sciences","","","","","","{Sebastiano Battiato and Giovanni Gallo}","","","","","Graph-based segmentation ; video cosegmentation ; hierarchical clustering","https://hal.archives-ouvertes.fr/hal-01548112/file/2017-conf-iciap-video-cosegmentation-2.pdf",""
6,"","sahli:hal-01703008","Sahli, Abderrahim; Carlier, Jacques & Moukrim, Aziz","Programmation lin\'eaire en nombres entiers pour un probl\`eme d'ordonnancement avec production et consommation des ressources","",,,"February","",2018,"Lorient, France","","https://hal.archives-ouvertes.fr/hal-01703008","{19e congr{\`e}s annuel de la Soci{\'e}t{\'e} Fran{\c c}aise de Recherche Op{\'e}rationnelle et d'Aide {\`a} la D{\'e}cision (ROADEF 2018)}","","","","","","","","","","","","","","","",""
6,"","schoen:hal-01775242","Schoen, Antoine; Laurens, Patricia; Yegros, Alfredo & Lar{\'e}do, Philippe","Evolving technological capabilities of firms; Complexity, divergence, and stagnation","",,,"September","",2017,"PARIS, France","","https://hal.archives-ouvertes.fr/hal-01775242","{Science and technology Indicators (STI)}","","","","","","","","","","","","","","","",""
6,"","slim:hal-01790317","Slim, Mariem; Kachouri, Rostom & Atitallah, Ahmed Ben","Customer satisfaction measuring based on the most significant facial emotion","",,,"March","",2018,"Hammamet, Tunisia","","https://hal-upec-upem.archives-ouvertes.fr/hal-01790317","{15th IEEE International Multi-Conference on Systems, Signals \& Devices (SSD 2018)}","","","","","","","","","","","","","","-Facial expression ; emotion recognition ; most significant emotions ; feature extraction ; action unit ; SVM ; KNN","https://hal-upec-upem.archives-ouvertes.fr/hal-01790317/file/RK_SSD_2018.pdf",""
6,"","slim:hal-02488658","Slim, Mariem; Kachouri, Rostom & Ben Atitallah, Ahmed","Customer Satisfaction Measuring Based on the Most Significant Facial Emotion","",,,"March","502-507",2018,"Hammamet, Tunisia","","https://hal.archives-ouvertes.fr/hal-02488658","{2018 15th International Multi-Conference on Systems, Signals \& Devices (SSD)}","","","","","{IEEE}","","","","","","","","","","",""
6,"","soor:hal-01686321","Soor, Sampriti; Challa, Aditya; Danda, Sravan; Daya Sagar, B.  S. & Najman, Laurent","Extending K-means to Preserve Spatial Connectivity","",,,"July","",2018,"Valencia, Spain","","https://hal.archives-ouvertes.fr/hal-01686321","{IEEE International Geoscience and Remote Sensing Symposium (IGARSS)}","","","","","{IEEE}","","","","","","","","","Graphs ; Clustering ; K-Means","https://hal.archives-ouvertes.fr/hal-01686321/file/KMeansGraph_IGARSS2018V4.pdf",""
6,"","soysal:hal-01841627","Soysal, Ugur; Marty, Fr{\'e}d{\'e}ric; Algre, Emmanuelle; Gehin, Evelyne & Motzkus, Charles","Sub-$\mu$m air-gap resonant MEMS mass sensors fabrication and electrical characterization for the detection of airborne particles","",,,"May","",2018,"ROMA, France","","https://hal.archives-ouvertes.fr/hal-01841627","{2018 Symposium on Design, Test, Integration \& Packaging of MEMS and MOEMS (DTIP)}","","","","","{IEEE}","","","","","","","","","","",""
6,"","wang:hal-01722867","Wang, Siqi; Hussein, Mazen Abi; Venard, Olivier & Baudoin, Genevi{\`e}ve","Impact of the normalization gain of digital predistortion on linearization performance and power added efficiency of the linearized power amplifier","",,,"October","",2017,"Nuremberg, Germany","","https://hal.archives-ouvertes.fr/hal-01722867","{2017 12th European Microwave Integrated Circuits Conference (EuMIC)}","","","","","{IEEE}","","","","","","","","","","",""
6,"","wang:hal-01722871","Wang, Siqi; Hussein, Mazen Abi; Venard, Olivier & Baudoin, Genevi{\`e}ve","Optimal sizing of cascaded digital predistortion for linearization of high power amplifiers","",,,"November","",2017,"Kuala Lumpar, Malaysia","","https://hal.archives-ouvertes.fr/hal-01722871","{2017 IEEE Asia Pacific Microwave Conference (APMC)}","","","","","{IEEE}","","","","","","","","","","",""
6,"","wang:hal-01722895","Wang, Siqi; Abi Hussein, Mazen; Venard, Olivier & Baudoin, Genevi{\`e}ve","Identification of Low Order Cascaded Digital Predistortion with Different-structure Stages for Linearization of Power Amplifiers","",,,"January","",2018,"Anaheim, United States","","https://hal.archives-ouvertes.fr/hal-01722895","{2018 IEEE Radio \& Wireless Week}","","","","","","","","","","","","","","","",""
6,"","xu:hal-01592142","Xu, Tieying; Lizarralde, Maria; El Nemer, Wassim; Le Pioufle, Bruno & Fran{\c c}ais, Olivier","Monitoring Biological Cell Flow within a Mimicking Capillary Device with Impedance Measurement","",1,4,"September","3 - 6",2017,"Paris, France","","https://hal.archives-ouvertes.fr/hal-01592142","{Eurosensors}","","","","","","","","","","","","","","microfluidic ; bioimpedance ; sickle cell disease ; mimetic chip","https://hal.archives-ouvertes.fr/hal-01592142/file/Monitoring_biological_cell_flow_within_mimicking_capillary_device_with_impedance_measurement.pdf",""
10,"","barakat:hal-01882362","Barakat, Abdul I.; Bozsak, Franz; Bonnassieux, Yvan; Le Pioufle, Bruno; Fran{\c c}ais, Olivier & Carreel, Bruno","Medical device equipped with sensors","",,15/516,531,"","",2018,"United States","","https://hal.archives-ouvertes.fr/hal-01882362","","","","","","","","","","","","","","","","",""
10,"","cottone:hal-01763677","Cottone, Francesco & Basset, Philippe","Miniature kinetic energy harvester for generating electrical energy from mechanical vibrations","",,15/542694,"December","",2017,"France","","https://hal.archives-ouvertes.fr/hal-01763677","","","","","","","","","","","","","","","","",""
